country_code,country_name,year,agricultural_land_ha,arable_land_ha,cropland_ha,permanent_meadows_and_pastures_ha
32,Argentina,2000,128510.0,27640.0,28640.0,99870.0
32,Argentina,2001,128606.0,27746.0,28746.0,99860.0
32,Argentina,2002,128710.0,27862.0,28862.0,99848.0
32,Argentina,2003,129103.3,29828.2,30828.2,98275.1
32,Argentina,2004,129496.6,31794.4,32794.4,96702.2
32,Argentina,2005,129920.9,33791.6,34791.6,95129.3
32,Argentina,2006,130138.9,35582.5,36582.5,93556.4
32,Argentina,2007,129968.4,36984.9,37984.9,91983.5
32,Argentina,2008,127046.9,35636.3,36636.3,90410.6
32,Argentina,2009,124328.4,34490.7,35490.7,88837.7
32,Argentina,2010,126267.9,38003.1,39003.1,87264.8
32,Argentina,2011,125318.4,38626.5,39626.5,85691.9
32,Argentina,2012,124741.9,39622.9,40622.9,84119.0
32,Argentina,2013,122937.4,39391.3,40391.3,82546.1
32,Argentina,2014,120950.5261,38977.3261,39977.3261,80973.2
32,Argentina,2015,120753.5346,40353.2346,41353.2346,79400.3
32,Argentina,2016,118861.0795,40033.6795,41033.6795,77827.4
32,Argentina,2017,117629.9862,40375.4863,41375.4863,76254.5
32,Argentina,2018,115930.0,40181.0,41249.0,74681.0
32,Argentina,2019,116599.0,40850.0,41918.0,74681.0
32,Argentina,2020,117679.0,41930.0,42998.0,74681.0
32,Argentina,2021,117978.0,42229.0,43297.0,74681.0
32,Argentina,2022,118848.0,43099.0,44167.0,74681.0
32,Argentina,2023,116136.3431,40387.3431,41455.3431,74681.0
36,Australia,2000,455469.0,23473.0,23769.0,431700.0
36,Australia,2001,455700.0,24200.0,24520.0,431180.0
36,Australia,2002,447000.0,23735.0,24060.0,422940.0
36,Australia,2003,439500.0,23240.0,23575.0,415925.0
36,Australia,2004,394906.0,25743.0,26080.0,368826.0
36,Australia,2005,410230.0,26402.0,26742.0,383488.0
36,Australia,2006,409302.0,24228.0,24565.0,384737.0
36,Australia,2007,398355.5,23125.0,23530.0,374825.5
36,Australia,2008,389288.0,23994.1,24374.0,364914.0
36,Australia,2009,384257.0,27141.6,27511.0,356746.0
36,Australia,2010,376372.0,25591.75,25968.0,350404.0
36,Australia,2011,396121.0,31694.9,32078.0,364043.0
36,Australia,2012,387076.0,31637.4,31993.0,355083.0
36,Australia,2013,371775.0,31220.8,31611.0,340164.0
36,Australia,2014,374423.0,31960.3,32307.0,342116.0
36,Australia,2015,348119.0,31090.7,31397.0,316722.0
36,Australia,2016,342602.0,30057.0,30378.0,312224.0
36,Australia,2017,371837.0,30752.0,31074.0,340763.0
36,Australia,2018,358895.0,30974.0,31306.0,327589.0
36,Australia,2019,362477.0,30573.0,30920.0,331557.0
36,Australia,2020,355775.0,30644.0,30996.0,324779.0
36,Australia,2021,363519.0,31265.0,31650.0,331869.0
36,Australia,2022,363519.0,31265.0,31650.0,331869.0
36,Australia,2023,363243.6782,30989.6782,31374.6782,331869.0
40,Austria,2000,2940.2,1399.0,1470.0,1470.2
40,Austria,2001,2916.1,1387.0,1458.0,1458.1
40,Austria,2002,2902.2,1385.0,1456.0,1446.2
40,Austria,2003,2885.23,1380.03,1451.03,1434.2
40,Austria,2004,2867.4,1379.3,1445.3,1422.1
40,Austria,2005,2856.8,1380.7,1446.7,1410.1
40,Austria,2006,2843.3,1377.2,1445.2,1398.1
40,Austria,2007,2830.1,1376.0,1444.0,1386.1
40,Austria,2008,2809.4,1369.0,1435.3,1374.1
40,Austria,2009,2795.0,1366.6,1432.9,1362.1
40,Austria,2010,2779.2,1363.8,1429.1,1350.1
40,Austria,2011,2757.3,1359.6,1424.9,1332.4
40,Austria,2012,2735.2,1355.1,1420.4,1314.8
40,Austria,2013,2716.4,1353.9,1419.3,1297.1
40,Austria,2014,2714.2,1351.7,1417.1,1297.1
40,Austria,2015,2718.45,1346.1,1411.59,1306.86
40,Austria,2016,2670.17,1344.49,1411.36,1258.81
40,Austria,2017,2654.62,1328.94,1395.81,1258.81
40,Austria,2018,2652.83,1327.15,1394.02,1258.81
40,Austria,2019,2651.21,1325.53,1392.4,1258.81
40,Austria,2020,2602.6653,1324.9714,1392.6854,1209.9799
40,Austria,2021,2602.4884,1322.9213,1390.449,1209.9799
40,Austria,2022,2597.4477,1320.593,1387.4678,1209.9799
40,Austria,2023,2597.263,1321.7816,1387.2832,1209.9799
56,Belgium,2000,1389.6,862.0,882.6,507.0
56,Belgium,2001,1386.8,845.0,865.8,521.0
56,Belgium,2002,1389.1,832.0,853.1,536.0
56,Belgium,2003,1392.2,835.0,856.2,536.0
56,Belgium,2004,1391.3,840.0,861.3,530.0
56,Belgium,2005,1383.0,843.0,864.0,519.0
56,Belgium,2006,1380.0,842.0,863.0,517.0
56,Belgium,2007,1366.9,839.0,859.9,507.0
56,Belgium,2008,1365.3,844.0,865.3,500.0
56,Belgium,2009,1363.6,840.0,861.6,502.0
56,Belgium,2010,1355.7,834.0,855.7,500.0
56,Belgium,2011,1335.7,825.0,846.7,489.0
56,Belgium,2012,1332.0,803.0,825.0,507.0
56,Belgium,2013,1336.5,816.0,838.3,498.2
56,Belgium,2014,1331.3,817.0,839.3,492.0
56,Belgium,2015,1328.0,829.5,852.0,476.0
56,Belgium,2016,1350.8,849.4,872.4,478.4
56,Belgium,2017,1327.0,836.0,859.0,468.0
56,Belgium,2018,1354.0,850.0,874.0,480.0
56,Belgium,2019,1356.0,857.286,880.9587,475.464
56,Belgium,2020,1364.6093,864.8766,888.4901,476.1192
56,Belgium,2021,1365.67,865.64,889.39,476.28
56,Belgium,2022,1359.0,863.55,887.56,471.63
56,Belgium,2023,1353.3,863.1536,886.3594,466.94
76,Brazil,2000,228323.5,45448.0,54870.0,173453.5
76,Brazil,2001,228427.2,46025.0,55823.0,172604.2
76,Brazil,2002,228530.9,46602.0,56776.0,171754.9
76,Brazil,2003,228634.6,47179.0,57729.0,170905.6
76,Brazil,2004,228738.3,47756.0,58682.0,170056.3
76,Brazil,2005,228842.0,48333.0,59635.0,169207.0
76,Brazil,2006,228951.0,48914.0,60593.0,168358.0
76,Brazil,2007,229671.8,49537.0,60859.0,168812.8
76,Brazil,2008,230392.6,50159.0,61125.0,169267.6
76,Brazil,2009,231113.4,50782.0,61391.0,169722.4
76,Brazil,2010,231834.2,51405.0,61657.0,170177.2
76,Brazil,2011,232555.0,52027.0,61923.0,170632.0
76,Brazil,2012,233275.8,52650.0,62189.0,171086.8
76,Brazil,2013,233996.6,53272.0,62455.0,171541.6
76,Brazil,2014,234717.4,53895.0,62721.0,171996.4
76,Brazil,2015,235438.0,54518.0,62987.0,172451.0
76,Brazil,2016,236159.0,55140.0,63253.0,172906.0
76,Brazil,2017,236879.0,55762.0,63518.0,173360.8
76,Brazil,2018,236854.8,55738.0,63494.0,173360.8
76,Brazil,2019,236830.8,55714.0,63470.0,173360.8
76,Brazil,2020,236806.8,55690.0,63446.0,173360.8
76,Brazil,2021,236782.8,55666.0,63422.0,173360.8
76,Brazil,2022,236758.8,55642.0,63398.0,173360.8
76,Brazil,2023,236758.8,55642.0,63398.0,173360.8
100,Bulgaria,2000,5582.0,3526.0,3778.0,1804.0
100,Bulgaria,2001,5498.0,3467.0,3712.0,1786.0
100,Bulgaria,2002,5325.0,3355.0,3583.0,1742.0
100,Bulgaria,2003,5326.0,3323.0,3537.0,1789.0
100,Bulgaria,2004,5330.0,3313.0,3524.0,1806.0
100,Bulgaria,2005,5265.0,3173.0,3361.0,1904.0
100,Bulgaria,2006,5190.0,3132.0,3314.0,1876.0
100,Bulgaria,2007,5116.0,3085.0,3274.0,1842.0
100,Bulgaria,2008,5101.0,3088.0,3272.0,1829.0
100,Bulgaria,2009,5030.0,3146.0,3311.0,1719.0
100,Bulgaria,2010,5052.0,3186.0,3350.0,1702.0
100,Bulgaria,2011,5088.0,3250.0,3410.0,1678.0
100,Bulgaria,2012,5123.0,3317.0,3476.0,1647.0
100,Bulgaria,2013,4995.0,3479.0,3614.0,1381.0
100,Bulgaria,2014,4977.0,3486.0,3613.0,1364.0
100,Bulgaria,2015,5011.9,3509.7,3643.2,1368.7
100,Bulgaria,2016,5021.0,3496.0,3637.0,1384.0
100,Bulgaria,2017,5029.52,3489.08,3637.17,1392.35
100,Bulgaria,2018,5030.0,3478.0,3631.0,1399.0
100,Bulgaria,2019,5037.0,3476.0,3629.0,1408.0
100,Bulgaria,2020,5047.0,3492.0,3644.0,1404.0
100,Bulgaria,2021,5047.0,3500.0,3650.0,1397.0
100,Bulgaria,2022,5022.0,3468.0,3608.0,1414.0
100,Bulgaria,2023,5002.99,3486.55,3622.58,1380.41
124,Canada,2000,61287.0,40971.0,41138.0,20149.0
124,Canada,2001,61308.1608,40948.0,41113.1608,20195.0
124,Canada,2002,62091.0,40615.0,40780.0,21311.0
124,Canada,2003,61946.0,40282.0,40447.0,21499.0
124,Canada,2004,61801.0,39949.0,40114.0,21687.0
124,Canada,2005,61656.0,39616.0,39781.0,21875.0
124,Canada,2006,60584.0,39283.0,39448.0,21136.0
124,Canada,2007,60008.0,38884.0,39052.0,20956.0
124,Canada,2008,59432.0,38485.0,38656.0,20776.0
124,Canada,2009,58856.0,38086.0,38260.0,20596.0
124,Canada,2010,58280.0,37687.0,37864.0,20416.0
124,Canada,2011,57699.7,37285.0,37463.7,20236.0
124,Canada,2012,57771.0,37534.0,37713.0,20058.0
124,Canada,2013,57842.0,37783.0,37962.0,19880.0
124,Canada,2014,57913.0,38032.0,38211.0,19702.0
124,Canada,2015,57985.0,38282.0,38461.0,19524.0
124,Canada,2016,58050.0,38530.0,38708.0,19342.0
124,Canada,2017,57867.6,38509.0,38682.0,19185.6
124,Canada,2018,57889.2,38690.0,38860.0,19029.2
124,Canada,2019,57687.8,38648.0,38815.0,18872.8
124,Canada,2020,57117.4,38235.0,38401.0,18716.4
124,Canada,2021,56991.0,38259.0,38431.0,18560.0
124,Canada,2022,57077.0,38346.0,38517.0,18560.0
124,Canada,2023,56875.0,38151.0,38315.0,18560.0
159,China,2000,523731.0,119666.0,130897.0,392834.0
159,China,2001,524322.8444,120257.8444,131488.8444,392834.0
159,China,2002,524914.6889,120649.6889,132080.6889,392834.0
159,China,2003,525505.5333,120835.5333,132671.5333,392834.0
159,China,2004,526091.3778,121021.3778,133257.3778,392834.0
159,China,2005,526682.2222,121267.2222,133848.2222,392834.0
159,China,2006,527272.0667,121607.0667,134438.0667,392834.0
159,China,2007,527861.9111,121546.9111,135027.9111,392834.0
159,China,2008,528451.7556,121791.7556,135617.7556,392834.0
159,China,2009,529038.6,121983.6,136204.6,392834.0
159,China,2010,528280.8,120733.8,135449.8,392831.0
159,China,2011,527526.5,119281.5,134692.5,392834.0
159,China,2012,526768.8,117928.8,133934.8,392834.0
159,China,2013,526013.5,116978.5,133179.5,392834.0
159,China,2014,525260.8,116205.8,132426.8,392834.0
159,China,2015,524505.5,115470.5,131671.5,392834.0
159,China,2016,523751.0,114049.0,130917.0,392834.0
159,China,2017,522997.1,112230.1,130163.1,392834.0
159,China,2018,522242.7,111084.7,129408.7,392834.0
159,China,2019,521490.2,109541.0,128656.2,392834.0
159,China,2020,521395.1,109406.7,128561.1,392834.0
159,China,2021,521298.0,109564.0,128370.0,392834.0
159,China,2022,521197.0,109153.1,128363.0,392834.0
159,China,2023,521196.0,109018.1,128362.0,392834.0
191,Croatia,2000,1169.0,842.0,911.0,258.0
191,Croatia,2001,1178.0,853.0,923.0,255.0
191,Croatia,2002,1181.0,858.0,928.0,253.0
191,Croatia,2003,1196.0,864.0,935.0,261.0
191,Croatia,2004,1176.0,847.0,917.0,259.0
191,Croatia,2005,1211.0,873.0,946.0,265.0
191,Croatia,2006,1230.0,881.0,957.0,273.0
191,Croatia,2007,1202.0,852.0,932.0,270.0
191,Croatia,2008,1289.1,860.7,946.7,342.4
191,Croatia,2009,1299.6,868.3,956.3,343.3
191,Croatia,2010,1333.8,904.4,988.4,345.4
191,Croatia,2011,1326.1,896.7,979.7,346.4
191,Croatia,2012,1331.0,906.4,985.4,345.6
191,Croatia,2013,1567.3,876.4,949.3,618.0
191,Croatia,2014,1508.5,812.9,890.5,618.0
191,Croatia,2015,1537.2,843.7,919.2,618.0
191,Croatia,2016,1546.0,874.0,946.0,600.0
191,Croatia,2017,1497.0,817.0,889.0,608.0
191,Croatia,2018,1484.0,804.0,876.0,608.0
191,Croatia,2019,1504.0,823.0,897.0,607.0
191,Croatia,2020,1505.0,889.0,968.0,537.0
191,Croatia,2021,1476.0,857.0,936.0,540.0
191,Croatia,2022,1448.0,853.0,932.0,516.0
191,Croatia,2023,1486.0,868.0,947.0,539.0
196,Cyprus,2000,141.5,98.4,140.4,1.1
196,Cyprus,2001,140.0,98.0,139.0,1.0
196,Cyprus,2002,140.0,100.0,139.0,1.0
196,Cyprus,2003,154.0,112.0,153.0,1.0
196,Cyprus,2004,156.0,113.0,155.0,1.0
196,Cyprus,2005,167.0,123.0,166.0,1.0
196,Cyprus,2006,157.0,115.0,156.0,1.0
196,Cyprus,2007,147.2,109.8,145.3,1.9
196,Cyprus,2008,115.6,82.4,114.2,1.4
196,Cyprus,2009,127.6,86.9,123.3,4.3
196,Cyprus,2010,114.5,82.6,112.5,2.0
196,Cyprus,2011,116.3,84.0,113.9,2.4
196,Cyprus,2012,116.9,85.8,114.3,2.6
196,Cyprus,2013,108.83,79.73,107.03,1.8
196,Cyprus,2014,108.98,80.18,107.18,1.8
196,Cyprus,2015,126.68,98.38,124.78,1.9
196,Cyprus,2016,109.39,81.6,108.01,1.38
196,Cyprus,2017,121.42,94.33,119.77,1.65
196,Cyprus,2018,132.4469,104.565,130.8547,1.5922
196,Cyprus,2019,125.3284,96.3954,123.768,1.5604
196,Cyprus,2020,127.648,99.447,125.391,2.257
196,Cyprus,2021,121.6063,93.516,119.417,2.1893
196,Cyprus,2022,123.0403,94.8237,120.7837,2.2566
196,Cyprus,2023,128.9963,97.8733,126.8923,2.104
203,Czechia,2000,4280.0,3243.0,3319.0,961.0
203,Czechia,2001,4278.0,3236.0,3312.0,966.0
203,Czechia,2002,3652.06,2779.69,2813.21,838.85
203,Czechia,2003,3668.42,2759.28,2793.38,875.04
203,Czechia,2004,3631.39,2730.49,2773.28,858.11
203,Czechia,2005,3605.49,2712.42,2752.75,852.74
203,Czechia,2006,3565.95,2637.44,2676.56,889.39
203,Czechia,2007,3596.7,2626.28,2664.56,932.14
203,Czechia,2008,3571.61,2600.24,2638.56,933.05
203,Czechia,2009,3545.87,2581.88,2620.7,925.17
203,Czechia,2010,3523.92,2547.93,2587.82,936.1
203,Czechia,2011,3504.04,2521.61,2562.31,941.73
203,Czechia,2012,3525.89,2518.8,2558.15,967.74
203,Czechia,2013,3521.0,2501.0,2547.0,974.0
203,Czechia,2014,3516.0,2489.0,2535.0,981.0
203,Czechia,2015,3494.0,2490.0,2536.0,958.0
203,Czechia,2016,3488.0,2491.0,2539.0,949.0
203,Czechia,2017,3521.0,2496.0,2543.0,978.0
203,Czechia,2018,3523.0,2484.0,2533.0,990.0
203,Czechia,2019,3523.659,2484.472,2531.821,991.838
203,Czechia,2020,3523.871,2484.154,2534.262,989.609
203,Czechia,2021,3529.797,2475.335,2524.272,1005.525
203,Czechia,2022,3530.423,2479.316,2527.713,1002.71
203,Czechia,2023,3534.414,2524.276,2565.998,968.416
208,Denmark,2000,2647.0,2281.0,2289.0,358.0
208,Denmark,2001,2676.0,2292.0,2300.0,376.0
208,Denmark,2002,2665.0,2276.0,2283.0,382.0
208,Denmark,2003,2658.0,2266.0,2274.0,384.0
208,Denmark,2004,2646.0,2269.0,2276.0,370.0
208,Denmark,2005,2707.0,2332.0,2339.0,368.0
208,Denmark,2006,2710.0,2347.0,2353.0,357.0
208,Denmark,2007,2663.0,2306.0,2313.0,350.0
208,Denmark,2008,2668.0,2402.0,2407.0,261.0
208,Denmark,2009,2634.0,2431.0,2437.0,197.0
208,Denmark,2010,2626.0,2421.0,2426.0,200.0
208,Denmark,2011,2690.0,2499.0,2503.0,187.0
208,Denmark,2012,2624.0,2418.0,2424.0,200.0
208,Denmark,2013,2628.0,2407.6,2433.0,195.0
208,Denmark,2014,2652.631,2432.0,2459.631,193.0
208,Denmark,2015,2633.899,2351.651,2378.899,255.0
208,Denmark,2016,2625.1,2370.5,2399.5,226.0
208,Denmark,2017,2631.3,2367.4,2396.6,235.0
208,Denmark,2018,2632.5,2388.4,2419.8,213.0
208,Denmark,2019,2625.965,2395.932,2419.278,206.687
208,Denmark,2020,2619.987,2370.93,2397.582,222.405
208,Denmark,2021,2618.0,2357.0,2384.0,234.0
208,Denmark,2022,2624.0,2360.0,2391.0,233.0
208,Denmark,2023,2621.0,2365.0,2395.0,226.0
233,Estonia,2000,986.0,843.0,855.0,131.0
233,Estonia,2001,890.0,677.0,696.0,194.0
233,Estonia,2002,698.2,613.6,631.2,67.0
233,Estonia,2003,828.7,545.0,560.7,268.0
233,Estonia,2004,770.4,519.3,534.1,236.3
233,Estonia,2005,881.9,591.8,602.9,279.0
233,Estonia,2006,898.5,559.1,568.0,330.5
233,Estonia,2007,914.6,599.3,607.6,307.0
233,Estonia,2008,906.8,597.8,605.8,301.0
233,Estonia,2009,931.8,596.4,604.5,327.3
233,Estonia,2010,948.8,645.0,652.1,296.7
233,Estonia,2011,946.0,632.4,639.4,306.6
233,Estonia,2012,955.9,620.5,627.3,328.6
233,Estonia,2013,965.0,638.0,641.0,324.0
233,Estonia,2014,974.0,654.0,657.0,317.0
233,Estonia,2015,993.0,675.0,678.0,315.0
233,Estonia,2016,1003.0,696.0,699.0,304.0
233,Estonia,2017,982.0,679.0,686.0,296.0
233,Estonia,2018,985.0,683.0,690.0,295.0
233,Estonia,2019,988.4,690.0,697.0,292.0
233,Estonia,2020,985.0,694.0,699.0,286.0
233,Estonia,2021,987.0,700.0,705.0,282.0
233,Estonia,2022,986.0,707.0,712.0,274.0
233,Estonia,2023,988.0,711.0,715.0,272.0
246,Finland,2000,2218.0,2188.1,2192.0,26.0
246,Finland,2001,2222.0,2193.3,2197.0,25.0
246,Finland,2002,2236.0,2205.1,2209.0,27.0
246,Finland,2003,2246.0,2213.8,2218.0,28.0
246,Finland,2004,2253.0,2220.7,2225.0,28.0
246,Finland,2005,2273.8,2236.5,2240.8,33.0
246,Finland,2006,2300.8,2260.5,2264.8,36.0
246,Finland,2007,2294.9,2256.7,2260.9,34.0
246,Finland,2008,2296.4,2259.1,2263.4,33.0
246,Finland,2009,2296.5,2258.3,2262.5,34.0
246,Finland,2010,2291.9,2254.8,2258.9,33.0
246,Finland,2011,2286.6,2250.5,2254.6,32.0
246,Finland,2012,2285.1,2249.1,2253.1,32.0
246,Finland,2013,2258.5,2224.1,2227.5,31.0
246,Finland,2014,2267.1,2230.8,2234.1,33.0
246,Finland,2015,2273.4,2242.3,2245.6,27.8
246,Finland,2016,2275.0,2246.0,2249.0,26.0
246,Finland,2017,2270.0,2242.0,2245.0,25.0
246,Finland,2018,2272.0,2243.0,2248.0,24.0
246,Finland,2019,2274.0,2245.0,2250.0,24.0
246,Finland,2020,2270.0,2243.0,2248.0,22.0
246,Finland,2021,2268.0,2243.0,2247.0,21.0
246,Finland,2022,2266.0,2241.0,2246.0,20.0
246,Finland,2023,2262.0,2244.0,2249.0,13.0
250,France,2000,29807.4,18354.4,19495.1,10312.3
250,France,2001,29713.3,18345.9,19480.6,10232.7
250,France,2002,29610.7,18371.5,19499.8,10110.9
250,France,2003,29534.6,18354.8,19470.8,10063.8
250,France,2004,29458.4,18368.0,19478.8,9979.6
250,France,2005,29390.4,18377.6,19488.2,9902.2
250,France,2006,29312.7,18339.0,19435.6,9877.1
250,France,2007,29206.1,18286.2,19358.3,9847.8
250,France,2008,29110.1,18268.7,19320.0,9790.1
250,France,2009,29019.9,18256.2,19283.4,9736.5
250,France,2010,28926.3,18300.7,19311.8,9614.5
250,France,2011,28878.6,18274.4,19281.6,9597.0
250,France,2012,28844.8,18281.7,19285.5,9559.3
250,France,2013,28773.7,18305.7,19302.2,9471.5
250,France,2014,28766.5,18333.1,19328.3,9438.2
250,France,2015,28726.9,18478.7,19465.0,9261.9
250,France,2016,28718.021,18355.916,19348.036,9369.985
250,France,2017,28697.499,18464.367,19463.775,9233.724
250,France,2018,28660.1,18126.4,19132.2,9527.9
250,France,2019,28518.8491,17942.7855,18973.0991,9545.75
250,France,2020,28418.656,16984.666,18021.58,10397.076
250,France,2021,28425.1539,17010.435,18040.9049,10384.249
250,France,2022,28388.5926,16990.355,18022.2696,10366.323
250,France,2023,28297.245,16899.246,17926.778,10370.467
276,Germany,2000,17068.0,11804.0,12020.0,5048.0
276,Germany,2001,17034.0,11813.0,12021.0,5013.0
276,Germany,2002,16967.0,11791.0,11997.0,4970.0
276,Germany,2003,17001.0,11827.0,12033.0,4968.0
276,Germany,2004,17013.0,11898.0,12100.0,4913.0
276,Germany,2005,17031.0,11904.0,12102.0,4929.0
276,Germany,2006,16946.0,11866.0,12064.0,4882.0
276,Germany,2007,16950.0,11877.0,12075.0,4875.0
276,Germany,2008,16921.0,11932.0,12132.0,4789.0
276,Germany,2009,16886.0,11945.0,12145.0,4741.0
276,Germany,2010,16700.0,11846.0,12045.0,4655.0
276,Germany,2011,16719.0,11875.0,12075.0,4644.0
276,Germany,2012,16664.0,11834.0,12034.0,4630.0
276,Germany,2013,16697.0,11876.0,12076.0,4621.0
276,Germany,2014,16725.0,11869.0,12072.0,4651.0
276,Germany,2015,16731.0,11846.0,12051.0,4677.0
276,Germany,2016,16659.0,11763.0,11963.0,4694.0
276,Germany,2017,16687.0,11772.0,11971.0,4715.0
276,Germany,2018,16645.0,11731.0,11930.0,4713.0
276,Germany,2019,16666.0,11714.0,11913.0,4751.0
276,Germany,2020,16595.0,11664.0,11862.0,4730.0
276,Germany,2021,16591.0,11658.0,11860.0,4730.0
276,Germany,2022,16595.0,11657.0,11860.0,4733.0
276,Germany,2023,16586.0,11681.0,11881.0,4704.0
300,Greece,2000,8529.0,2741.0,3854.0,4675.0
300,Greece,2001,8438.0,2720.0,3852.0,4586.0
300,Greece,2002,8343.0,2717.0,3846.0,4497.0
300,Greece,2003,8252.0,2712.0,3844.0,4408.0
300,Greece,2004,8080.0,2629.0,3761.0,4319.0
300,Greece,2005,8005.0,2639.0,3775.0,4230.0
300,Greece,2006,7863.0,2584.0,3722.0,4141.0
300,Greece,2007,7753.0,2567.0,3701.0,4052.0
300,Greece,2008,7657.0,2556.0,3694.0,3963.0
300,Greece,2009,7560.0,2547.0,3686.0,3874.0
300,Greece,2010,7489.0,2567.0,3704.0,3785.0
300,Greece,2011,7396.0,2552.0,3700.0,3696.0
300,Greece,2012,7283.0,2540.0,3676.0,3607.0
300,Greece,2013,7153.0,2510.0,3634.0,3519.0
300,Greece,2014,6201.0,2224.0,3328.0,2873.0
300,Greece,2015,6199.0,2171.0,3282.0,2917.0
300,Greece,2016,6136.0,2140.0,3254.0,2882.0
300,Greece,2017,6053.5408,2142.8874,3225.5751,2827.9657
300,Greece,2018,5943.6904,2141.2947,3226.3996,2717.2908
300,Greece,2019,5863.5662,2128.3086,3216.5383,2647.0279
300,Greece,2020,5624.6605,1803.6602,2811.203,2813.4575
300,Greece,2021,5711.9286,1812.4299,2841.9963,2869.9323
300,Greece,2022,5372.0386,1861.1531,2895.9663,2476.0725
300,Greece,2023,5372.0387,1861.1531,2895.9662,2476.0725
348,Hungary,2000,5854.0,4602.0,4803.0,1051.0
348,Hungary,2001,5865.0,4606.0,4804.0,1061.0
348,Hungary,2002,5849.0,4606.0,4786.0,1063.0
348,Hungary,2003,5865.0,4597.0,4803.0,1062.0
348,Hungary,2004,5864.0,4598.0,4804.0,1060.0
348,Hungary,2005,5863.0,4601.0,4806.0,1057.0
348,Hungary,2006,5809.0,4597.0,4794.0,1015.0
348,Hungary,2007,5807.0,4592.0,4790.0,1017.0
348,Hungary,2008,5790.0,4585.0,4780.0,1010.0
348,Hungary,2009,5783.0,4585.0,4779.0,1004.0
348,Hungary,2010,5343.0,4392.0,4580.0,763.0
348,Hungary,2011,5337.0,4395.0,4578.0,759.0
348,Hungary,2012,5338.0,4397.0,4579.0,759.0
348,Hungary,2013,5257.0,4316.0,4498.0,759.0
348,Hungary,2014,5264.0,4322.0,4503.0,761.0
348,Hungary,2015,5264.0,4324.0,4503.0,761.0
348,Hungary,2016,5282.0,4323.0,4499.0,783.0
348,Hungary,2017,5303.0,4323.0,4499.0,804.0
348,Hungary,2018,5296.0,4324.0,4497.0,799.0
348,Hungary,2019,5278.0,4317.0,4488.0,790.0
348,Hungary,2020,4916.6726,4025.9695,4184.1357,732.5369
348,Hungary,2021,5043.6886,4139.7044,4289.1993,754.4893
348,Hungary,2022,5076.012,4157.671,4304.706,771.306
348,Hungary,2023,5083.046,4144.147,4294.114,788.932
356,India,2000,180975.0,160930.0,170130.0,10845.0
356,India,2001,180487.0,160325.0,169825.0,10662.0
356,India,2002,180560.0,160432.0,170032.0,10528.0
356,India,2003,180249.0,159799.0,169799.0,10450.0
356,India,2004,180375.0,159681.0,169891.0,10484.0
356,India,2005,180126.0,159444.0,169674.0,10452.0
356,India,2006,179906.0,158662.0,169462.0,10444.0
356,India,2007,179620.0,158022.0,169202.0,10418.0
356,India,2008,179757.0,157995.0,169395.0,10362.0
356,India,2009,180068.0,157924.0,169724.0,10344.0
356,India,2010,179573.0,157009.0,169234.0,10339.0
356,India,2011,179670.0,156979.0,169369.0,10301.0
356,India,2012,179642.0,156546.0,169346.0,10296.0
356,India,2013,179698.0,156442.0,169442.0,10256.0
356,India,2014,179728.0,156463.0,169463.0,10265.0
356,India,2015,179675.0,156413.0,169413.0,10262.0
356,India,2016,179578.0,156317.0,169317.0,10261.0
356,India,2017,179236.0,155895.0,168895.0,10340.0
356,India,2018,179116.0,155478.0,168778.0,10338.0
356,India,2019,179045.0,155369.0,168669.0,10376.0
356,India,2020,178528.0,154422.6,168048.0,10480.0
356,India,2021,178542.3333,154163.9667,168139.6667,10402.6667
356,India,2022,178556.6667,154027.5333,168231.3333,10325.3333
356,India,2023,178571.0,153868.7,168323.0,10248.0
372,Ireland,2000,4396.16,488.1,490.1,3906.06
372,Ireland,2001,4410.0,509.2,511.2,3898.8
372,Ireland,2002,4373.0,518.2,520.2,3852.8
372,Ireland,2003,4370.0,531.23,533.23,3836.77
372,Ireland,2004,4305.0,521.65,523.65,3781.35
372,Ireland,2005,4302.0,488.69,491.69,3810.31
372,Ireland,2006,4260.0,467.08,470.08,3789.92
372,Ireland,2007,4276.0,465.45,468.45,3807.55
372,Ireland,2008,4629.0,485.65,488.35,4140.65
372,Ireland,2009,4593.92,462.59,465.59,4128.33
372,Ireland,2010,4568.0,438.84,440.84,4127.16
372,Ireland,2011,4555.0,459.14,460.14,4094.86
372,Ireland,2012,4533.0,482.61,483.61,4049.39
372,Ireland,2013,4477.0,474.04,475.04,4001.96
372,Ireland,2014,4466.0,465.18,466.18,3999.82
372,Ireland,2015,4430.0,453.0,454.0,3976.0
372,Ireland,2016,4461.0,461.0,462.0,3999.0
372,Ireland,2017,4489.0,461.0,462.0,4027.0
372,Ireland,2018,4516.0,451.0,452.0,4064.0
372,Ireland,2019,4524.0,443.0,444.0,4080.0
372,Ireland,2020,4512.0,444.0,445.0,4067.0
372,Ireland,2021,4337.0,436.0,437.0,3901.0
372,Ireland,2022,4348.0,446.0,447.0,3901.0
372,Ireland,2023,4189.0,439.0,441.0,3749.0
380,Italy,2000,15637.0,8479.0,11284.0,4353.0
380,Italy,2001,15502.0,8339.0,11137.0,4365.0
380,Italy,2002,15273.0,8287.0,10894.0,4379.0
380,Italy,2003,14907.0,7959.0,10539.0,4368.0
380,Italy,2004,14883.0,7979.0,10529.0,4354.0
380,Italy,2005,14736.0,7780.0,10334.0,4402.0
380,Italy,2006,14203.0,7376.0,9921.0,4282.0
380,Italy,2007,14162.0,7171.0,9702.0,4460.0
380,Italy,2008,14457.2,7498.0,10041.2,4416.0
380,Italy,2009,13982.4,6981.0,9559.4,4423.0
380,Italy,2010,14327.8,7042.0,9629.8,4698.0
380,Italy,2011,13852.6,6720.0,9240.6,4612.0
380,Italy,2012,13729.0,7118.0,9560.0,4169.0
380,Italy,2013,13630.0,6827.0,9087.0,4543.0
380,Italy,2014,13162.0,6728.0,9121.0,4041.0
380,Italy,2015,12945.0,6601.0,9048.0,3897.0
380,Italy,2016,12812.0,6697.0,9149.0,3663.0
380,Italy,2017,12826.57,6736.27,9218.27,3608.3
380,Italy,2018,12405.0,6723.0,9160.0,3245.0
380,Italy,2019,13120.962,6914.183,9329.07,3791.892
380,Italy,2020,12518.37,7199.414,9384.57,3133.8
380,Italy,2021,12403.0309,7192.812,9361.4345,3041.5964
380,Italy,2022,13000.782,7084.477,9471.121,3529.661
380,Italy,2023,13087.557,7084.477,9484.067,3603.49
428,Latvia,2000,1588.0,970.0,982.0,606.0
428,Latvia,2001,1581.0,958.0,970.0,611.0
428,Latvia,2002,1595.0,973.0,985.0,610.0
428,Latvia,2003,1582.0,957.0,969.0,613.0
428,Latvia,2004,1642.0,1009.0,1021.0,621.0
428,Latvia,2005,1734.0,1092.0,1105.0,629.0
428,Latvia,2006,1855.0,1205.0,1218.0,637.0
428,Latvia,2007,1839.0,1188.0,1198.0,641.0
428,Latvia,2008,1825.0,1170.0,1177.0,648.0
428,Latvia,2009,1833.0,1168.0,1174.0,659.0
428,Latvia,2010,1805.0,1173.0,1180.0,625.0
428,Latvia,2011,1816.0,1158.0,1165.0,651.0
428,Latvia,2012,1841.0,1178.0,1184.0,657.0
428,Latvia,2013,1877.0,1208.0,1214.0,663.0
428,Latvia,2014,1872.0,1209.0,1215.0,657.0
428,Latvia,2015,1884.5,1229.8,1236.5,648.0
428,Latvia,2016,1931.0,1288.0,1296.0,635.0
428,Latvia,2017,1933.0,1290.0,1298.0,635.0
428,Latvia,2018,1938.0,1295.0,1303.0,635.0
428,Latvia,2019,1960.0,1319.0,1328.0,632.0
428,Latvia,2020,1969.0,1334.0,1343.0,626.0
428,Latvia,2021,1970.0,1362.0,1371.0,599.0
428,Latvia,2022,1970.0,1357.0,1367.0,603.0
428,Latvia,2023,1971.0,1360.0,1370.0,601.0
440,Lithuania,2000,3418.0,2878.0,2921.0,497.0
440,Lithuania,2001,2896.0,1631.0,1674.0,1222.0
440,Lithuania,2002,2885.0,1639.0,1682.0,1203.0
440,Lithuania,2003,2541.0,1525.0,1568.0,973.0
440,Lithuania,2004,2604.3,1616.4,1649.2,955.1
440,Lithuania,2005,2837.0,1906.5,1946.3,890.7
440,Lithuania,2006,2790.7,1878.8,1914.4,876.3
440,Lithuania,2007,2695.9,1835.6,1865.5,830.4
440,Lithuania,2008,2672.1,1861.5,1888.9,783.2
440,Lithuania,2009,2689.0,2053.7,2081.4,607.6
440,Lithuania,2010,2772.3,2127.4,2158.1,614.2
440,Lithuania,2011,2805.9,2185.7,2216.6,589.3
440,Lithuania,2012,2842.2,2260.5,2292.3,549.9
440,Lithuania,2013,2891.4,2290.5,2323.0,568.4
440,Lithuania,2014,2952.4,2350.2,2384.3,568.1
440,Lithuania,2015,3005.9,2171.9,2206.9,799.0
440,Lithuania,2016,2953.9,2142.8,2177.5,776.6
440,Lithuania,2017,2935.3,2103.7,2139.2,796.1
440,Lithuania,2018,2947.0,2115.0,2151.0,796.0
440,Lithuania,2019,2975.0,2211.9,2247.0,728.0
440,Lithuania,2020,2942.8,2249.4,2284.8,658.0
440,Lithuania,2021,2937.8,2279.0,2315.2,622.6
440,Lithuania,2022,2911.3,2292.4,2328.3,583.0
440,Lithuania,2023,2873.0,2303.0,2336.0,537.0
442,Luxembourg,2000,128.0,62.0,63.0,65.0
442,Luxembourg,2001,128.0,62.0,63.0,65.0
442,Luxembourg,2002,128.0,62.0,63.0,65.0
442,Luxembourg,2003,128.0,62.0,63.0,65.0
442,Luxembourg,2004,128.0,62.0,63.0,65.0
442,Luxembourg,2005,129.0,60.0,62.0,67.0
442,Luxembourg,2006,129.0,60.0,62.0,67.0
442,Luxembourg,2007,131.0,61.0,63.0,68.0
442,Luxembourg,2008,131.0,62.0,64.0,67.0
442,Luxembourg,2009,130.7,61.77,63.33,67.37
442,Luxembourg,2010,131.04,61.95,63.45,67.59
442,Luxembourg,2011,131.27,62.12,63.63,67.64
442,Luxembourg,2012,131.42,62.56,64.13,67.29
442,Luxembourg,2013,130.88,62.45,63.98,66.9
442,Luxembourg,2014,130.99,62.61,64.16,66.83
442,Luxembourg,2015,131.27,62.8,64.35,66.92
442,Luxembourg,2016,130.651,61.86,63.4,67.12
442,Luxembourg,2017,131.158,62.038,63.592,67.413
442,Luxembourg,2018,131.559,62.114,63.676,67.705
442,Luxembourg,2019,131.5824,61.959,63.515,67.884
442,Luxembourg,2020,132.1261,62.13,63.685,68.25
442,Luxembourg,2021,132.8018,62.472,64.03,68.537
442,Luxembourg,2022,132.5104,61.992,63.515,68.681
442,Luxembourg,2023,132.9982,61.326,62.878,69.76
470,Malta,2000,9.0,8.0,9.0,
470,Malta,2001,10.0,9.0,10.0,
470,Malta,2002,10.0,9.0,10.0,
470,Malta,2003,10.4,9.3,10.4,
470,Malta,2004,10.0,9.0,10.0,
470,Malta,2005,9.3,8.2,9.3,
470,Malta,2006,9.3,8.2,9.3,
470,Malta,2007,9.3,8.0,9.3,
470,Malta,2008,9.3,8.0,9.3,
470,Malta,2009,9.3,8.0,9.3,
470,Malta,2010,10.33,9.08,10.33,
470,Malta,2011,10.33,9.08,10.33,
470,Malta,2012,10.3,9.0,10.3,
470,Malta,2013,10.23,8.97,10.23,
470,Malta,2014,10.23,8.97,10.23,
470,Malta,2015,10.23,8.97,10.23,
470,Malta,2016,10.38,9.07,10.38,
470,Malta,2017,10.38,9.07,10.38,
470,Malta,2018,10.38,9.07,10.38,
470,Malta,2019,10.38,9.07,10.38,
470,Malta,2020,9.11,7.8,9.11,
470,Malta,2021,8.75,7.8,8.75,
470,Malta,2022,8.75,7.8,8.75,
470,Malta,2023,8.291,7.3,8.291,
528,Netherlands (Kingdom of the),2000,1959.6,1022.7,1057.7,901.9
528,Netherlands (Kingdom of the),2001,1922.7,1008.8,1041.8,880.9
528,Netherlands (Kingdom of the),2002,1940.1,1015.2,1048.2,891.9
528,Netherlands (Kingdom of the),2003,1913.7,1091.1,1123.1,790.6
528,Netherlands (Kingdom of the),2004,1949.4,1127.5,1158.6,790.8
528,Netherlands (Kingdom of the),2005,1937.7,1111.0,1142.8,794.9
528,Netherlands (Kingdom of the),2006,1919.6,1069.8,1102.5,817.1
528,Netherlands (Kingdom of the),2007,1914.4,1059.8,1093.7,820.7
528,Netherlands (Kingdom of the),2008,1929.3,1066.6,1101.5,827.8
528,Netherlands (Kingdom of the),2009,1917.4,1054.7,1090.2,827.2
528,Netherlands (Kingdom of the),2010,1872.3,1022.6,1059.0,813.3
528,Netherlands (Kingdom of the),2011,1858.4,1006.0,1042.4,816.0
528,Netherlands (Kingdom of the),2012,1841.7,1011.0,1046.8,794.9
528,Netherlands (Kingdom of the),2013,1847.6,1038.4,1074.5,773.1
528,Netherlands (Kingdom of the),2014,1839.1,1045.0,1081.3,757.8
528,Netherlands (Kingdom of the),2015,1846.0,1042.0,1080.0,766.0
528,Netherlands (Kingdom of the),2016,1815.0,1028.0,1066.0,749.0
528,Netherlands (Kingdom of the),2017,1819.0,1037.0,1075.0,744.0
528,Netherlands (Kingdom of the),2018,1823.0,1021.0,1059.0,764.0
528,Netherlands (Kingdom of the),2019,1816.8,1011.1,1048.8,768.0
528,Netherlands (Kingdom of the),2020,1814.45,1004.83,1042.04,772.41
528,Netherlands (Kingdom of the),2021,1812.0,1003.0,1040.0,771.0
528,Netherlands (Kingdom of the),2022,1804.0,1004.0,1042.0,763.0
528,Netherlands (Kingdom of the),2023,1803.0,1009.0,1045.0,758.0
554,New Zealand,2000,12339.7124,403.8791,453.8791,11885.8333
554,New Zealand,2001,12182.0813,401.7,456.7,11725.0
554,New Zealand,2002,12024.4045,401.4,459.4,11565.0
554,New Zealand,2003,11858.0,415.0,470.0,11388.0
554,New Zealand,2004,11890.0,420.0,483.0,11407.0
554,New Zealand,2005,11712.0,425.0,488.0,11224.0
554,New Zealand,2006,11375.0,399.0,462.0,10913.0
554,New Zealand,2007,11487.0,431.0,500.0,10987.0
554,New Zealand,2008,11374.0,453.0,522.0,10852.0
554,New Zealand,2009,11490.0,471.0,542.0,10948.0
554,New Zealand,2010,11408.0,499.0,570.0,10838.0
554,New Zealand,2011,11371.0,471.0,542.0,10829.0
554,New Zealand,2012,11209.4,509.0,580.4,10629.0
554,New Zealand,2013,11106.0,547.0,618.0,10488.0
554,New Zealand,2014,11116.0,590.0,657.0,10459.0
554,New Zealand,2015,10712.0,478.0,545.0,10167.0
554,New Zealand,2016,10614.0,541.0,608.0,10006.0
554,New Zealand,2017,10644.0,491.0,558.0,10086.0
554,New Zealand,2018,10498.0,518.5,589.0,9909.0
554,New Zealand,2019,10345.0,546.0,620.0,9725.0
554,New Zealand,2020,10154.0,527.0,601.0,9553.0
554,New Zealand,2021,10175.0,616.0,690.0,9485.0
554,New Zealand,2022,9747.0,533.0,605.0,9142.0
554,New Zealand,2023,9711.0,520.0,592.0,9119.0
616,Poland,2000,18413.0,13993.0,14330.0,4083.0
616,Poland,2001,17788.0,13584.0,13924.0,3864.0
616,Poland,2002,16899.0,13010.0,13337.0,3562.0
616,Poland,2003,16169.0,12587.0,12901.0,3268.0
616,Poland,2004,16327.0,12610.0,12962.0,3365.0
616,Poland,2005,15906.0,12141.0,12519.0,3387.0
616,Poland,2006,15957.0,12368.0,12741.0,3216.0
616,Poland,2007,15469.0,11823.0,12198.0,3271.0
616,Poland,2008,15601.0,12043.0,12417.0,3184.0
616,Poland,2009,15619.0,12066.0,12439.0,3180.0
616,Poland,2010,14449.0,10829.0,11219.0,3230.0
616,Poland,2011,14779.0,11098.0,11488.0,3291.0
616,Poland,2012,14529.0,10925.0,11323.0,3206.0
616,Poland,2013,14410.0,10792.0,11204.0,3206.0
616,Poland,2014,14424.0,10928.0,11304.0,3120.0
616,Poland,2015,14371.0,10887.0,11278.0,3093.0
616,Poland,2016,14374.0,10806.0,11199.0,3175.0
616,Poland,2017,14462.0,10907.0,11291.0,3171.0
616,Poland,2018,14512.0,11009.0,11362.0,3150.0
616,Poland,2019,14523.0,11055.0,11395.0,3128.0
616,Poland,2020,14733.0,11150.0,11530.0,3203.0
616,Poland,2021,14499.7,11079.0,11459.0,3040.7
616,Poland,2022,14176.0,11165.0,11545.0,2631.0
616,Poland,2023,14580.0,11202.0,11546.0,3014.0
620,Portugal,2000,3956.38,1750.27,2539.42,1416.96
620,Portugal,2001,3853.82,1628.56,2410.74,1443.08
620,Portugal,2002,3877.72,1636.15,2408.52,1469.2
620,Portugal,2003,3813.68,1554.42,2318.37,1495.31
620,Portugal,2004,3869.61,1482.73,2237.63,1631.98
620,Portugal,2005,3823.89,1305.46,2054.89,1769.0
620,Portugal,2006,3757.66,1241.74,1982.99,1774.67
620,Portugal,2007,3660.92,1148.25,1879.25,1781.67
620,Portugal,2008,3725.86,1220.21,1943.21,1782.65
620,Portugal,2009,3695.58,1200.98,1910.98,1784.6
620,Portugal,2010,3654.17,1147.57,1861.57,1792.6
620,Portugal,2011,3649.36,1126.77,1848.77,1800.59
620,Portugal,2012,3664.41,1123.82,1855.82,1808.59
620,Portugal,2013,3701.1,1138.51,1884.51,1816.59
620,Portugal,2014,3663.88,1098.13,1847.29,1816.59
620,Portugal,2015,3638.78,1069.96,1822.19,1816.59
620,Portugal,2016,3619.03,982.23,1743.18,1875.85
620,Portugal,2017,3673.3928,968.0519,1738.6148,1934.778
620,Portugal,2018,3736.7665,960.4409,1744.1535,1992.613
620,Portugal,2019,3950.5205,997.7627,1859.7504,2090.7701
620,Portugal,2020,3954.2556,972.9093,1840.9698,2113.2858
620,Portugal,2021,3962.2955,967.7734,1831.8118,2130.4837
620,Portugal,2022,3919.7575,932.5586,1799.5946,2120.1629
620,Portugal,2023,3969.9597,927.2628,1807.8059,2162.1538
642,Romania,2000,14857.0,9381.0,9908.0,4949.0
642,Romania,2001,14798.0,9371.0,9862.0,4936.0
642,Romania,2002,14818.0,9376.0,9859.0,4959.0
642,Romania,2003,14800.0,9377.0,9842.0,4958.0
642,Romania,2004,14130.0,8915.0,9344.0,4786.0
642,Romania,2005,14180.0,8985.0,9495.0,4685.0
642,Romania,2006,14039.0,8939.0,9408.0,4631.0
642,Romania,2007,13630.0,8675.0,9136.0,4494.0
642,Romania,2008,13634.0,8721.0,9184.0,4450.0
642,Romania,2009,13621.0,8789.0,9249.0,4372.0
642,Romania,2010,14156.0,9146.0,9609.0,4547.0
642,Romania,2011,13982.0,8995.0,9439.0,4543.0
642,Romania,2012,13733.0,8798.0,9244.0,4489.0
642,Romania,2013,13905.0,8746.0,9188.0,4717.0
642,Romania,2014,13830.0,8778.0,9203.0,4627.0
642,Romania,2015,13858.0,8778.0,9203.0,4655.0
642,Romania,2016,13521.0,8582.0,9000.0,4521.0
642,Romania,2017,13378.0,8543.0,8958.0,4420.0
642,Romania,2018,13414.0,8686.0,9126.0,4288.0
642,Romania,2019,13826.0,8966.0,9378.0,4448.0
642,Romania,2020,13049.0,8483.0,8886.0,4163.0
642,Romania,2021,13079.0,8588.0,8989.0,4090.0
642,Romania,2022,12678.0,8211.0,8605.0,4073.0
642,Romania,2023,12715.0,8407.0,8813.0,3902.0
703,Slovakia,2000,2440.0,1528.0,1575.0,865.0
703,Slovakia,2001,2255.0,1442.0,1471.0,784.0
703,Slovakia,2002,2237.0,1410.0,1438.0,799.0
703,Slovakia,2003,2236.0,1413.0,1441.0,795.0
703,Slovakia,2004,1934.0,1393.0,1420.0,514.0
703,Slovakia,2005,1941.0,1391.0,1417.0,524.0
703,Slovakia,2006,1939.0,1378.0,1403.0,536.0
703,Slovakia,2007,1930.0,1377.0,1402.0,528.0
703,Slovakia,2008,1937.0,1382.0,1405.0,532.0
703,Slovakia,2009,1930.0,1382.0,1406.0,524.0
703,Slovakia,2010,1944.7,1392.0,1417.4,527.3
703,Slovakia,2011,1929.7,1391.2,1411.5,518.2
703,Slovakia,2012,1927.4,1392.3,1412.5,514.9
703,Slovakia,2013,1893.4,1361.6,1382.4,511.0
703,Slovakia,2014,1889.4,1359.2,1378.0,511.4
703,Slovakia,2015,1888.6,1350.0,1368.0,520.6
703,Slovakia,2016,1886.0,1347.0,1365.0,521.0
703,Slovakia,2017,1879.0,1343.0,1361.0,518.0
703,Slovakia,2018,1889.0,1348.0,1365.0,524.0
703,Slovakia,2019,1885.0,1349.0,1367.0,518.0
703,Slovakia,2020,1883.0,1346.0,1364.0,519.0
703,Slovakia,2021,1856.0,1326.0,1344.0,512.0
703,Slovakia,2022,1849.0,1323.0,1340.0,509.0
703,Slovakia,2023,1825.0,1307.0,1324.0,501.0
705,Slovenia,2000,518.0,173.0,204.0,314.0
705,Slovenia,2001,510.0,173.0,203.0,307.0
705,Slovenia,2002,505.0,168.0,198.0,307.0
705,Slovenia,2003,510.0,173.0,202.0,308.0
705,Slovenia,2004,492.0,176.0,205.0,287.0
705,Slovenia,2005,509.0,176.0,204.0,305.0
705,Slovenia,2006,491.0,178.0,206.0,285.0
705,Slovenia,2007,498.0,175.0,201.0,297.0
705,Slovenia,2008,618.56,183.41,233.48,385.08
705,Slovenia,2009,625.12,184.25,235.15,389.97
705,Slovenia,2010,623.86,184.59,236.31,387.55
705,Slovenia,2011,620.61,184.35,236.89,383.72
705,Slovenia,2012,611.79,183.7,235.67,376.12
705,Slovenia,2013,610.21,184.96,237.27,372.94
705,Slovenia,2014,614.84,184.04,237.11,377.73
705,Slovenia,2015,616.49,184.24,237.34,379.15
705,Slovenia,2016,617.48,184.26,237.71,379.77
705,Slovenia,2017,615.04,184.0,238.03,377.01
705,Slovenia,2018,612.0,181.78,235.75,376.26
705,Slovenia,2019,612.28,179.33,234.46,377.82
705,Slovenia,2020,610.49,179.1,233.95,376.54
705,Slovenia,2021,610.96,179.01,233.35,377.61
705,Slovenia,2022,610.72,179.05,232.93,377.79
705,Slovenia,2023,611.2,178.89,233.38,378.82
724,Spain,2000,29766.0,13400.0,18304.0,11462.0
724,Spain,2001,29520.0,13064.0,18044.0,11476.0
724,Spain,2002,29419.0,12909.0,17886.0,11533.0
724,Spain,2003,29153.0,13017.0,17981.0,11172.0
724,Spain,2004,29071.0,13025.0,17957.0,11114.0
724,Spain,2005,29164.0,12913.0,17844.0,11320.0
724,Spain,2006,28613.0,12720.0,17578.0,11035.0
724,Spain,2007,28004.0,12586.0,17396.0,10608.0
724,Spain,2008,28142.0,12488.0,17272.0,10870.0
724,Spain,2009,27970.0,12497.0,17216.0,10754.0
724,Spain,2010,27545.0,12528.0,17221.0,10324.0
724,Spain,2011,27014.0,12429.0,16992.0,10022.0
724,Spain,2012,26942.0,12570.0,17539.0,9403.0
724,Spain,2013,26733.2,12181.0,17133.0,9600.2
724,Spain,2014,26578.0,12278.0,17188.0,9390.0
724,Spain,2015,26576.5,12278.22,17187.89,9388.61
724,Spain,2016,26265.7,12337.18,17033.01,9232.69
724,Spain,2017,26295.53,12253.767,16985.167,9310.363
724,Spain,2018,26183.3239,11884.2519,16770.3639,9412.96
724,Spain,2019,26206.6906,11812.3146,16759.8066,9446.884
724,Spain,2020,26142.6381,11639.3981,16646.3951,9496.243
724,Spain,2021,26228.4464,11550.0534,16609.8164,9618.63
724,Spain,2022,26663.3633,11690.5583,16777.5213,9885.842
724,Spain,2023,24772.662,11496.755,16606.512,9885.842
752,Sweden,2000,2974.1,2599.3,2602.2,371.9
752,Sweden,2001,3053.9,2678.8,2681.7,371.9
752,Sweden,2002,3139.9,2654.5,2657.4,482.3
752,Sweden,2003,3128.7,2641.6,2644.5,484.0
752,Sweden,2004,3153.2,2645.7,2648.6,504.4
752,Sweden,2005,3201.2,2687.1,2690.0,511.0
752,Sweden,2006,3150.1,2645.5,2648.6,501.2
752,Sweden,2007,3120.9,2631.4,2634.5,486.2
752,Sweden,2008,3075.8,2614.7,2617.8,457.7
752,Sweden,2009,3067.2,2627.7,2630.6,436.3
752,Sweden,2010,3073.7,2618.6,2621.5,451.9
752,Sweden,2011,3063.1,2604.1,2606.7,441.3
752,Sweden,2012,3031.5,2593.8,2596.4,434.8
752,Sweden,2013,3036.08,2588.62,2593.18,442.9
752,Sweden,2014,3036.07,2580.73,2584.32,435.68
752,Sweden,2015,3028.35,2575.19,2578.52,449.84
752,Sweden,2016,3020.92,2565.58,2568.98,451.94
752,Sweden,2017,3011.37,2555.11,2558.43,452.94
752,Sweden,2018,3000.39,2541.99,2545.24,455.14
752,Sweden,2019,3005.0,2540.0,2544.0,461.0
752,Sweden,2020,3006.0,2539.0,2542.0,464.0
752,Sweden,2021,3003.0,2535.0,2539.0,464.0
752,Sweden,2022,2995.0,2528.0,2531.0,464.0
752,Sweden,2023,2982.0,2526.0,2529.0,453.0
764,Thailand,2000,21895.0,17675.0,21095.0,800.0
764,Thailand,2001,21988.0,17738.0,21188.0,800.0
764,Thailand,2002,22081.0,17781.0,21281.0,800.0
764,Thailand,2003,22174.0,17820.0,21374.0,800.0
764,Thailand,2004,22267.0,17912.0,21467.0,800.0
764,Thailand,2005,22360.0,17950.0,21560.0,800.0
764,Thailand,2006,22453.0,17953.0,21653.0,800.0
764,Thailand,2007,22545.0,17945.0,21745.0,800.0
764,Thailand,2008,22638.0,17838.0,21838.0,800.0
764,Thailand,2009,22731.0,17547.0,21931.0,800.0
764,Thailand,2010,22824.0,18004.5,22024.0,800.0
764,Thailand,2011,22828.0,17900.8,22028.0,800.0
764,Thailand,2012,22832.0,17383.1,22032.0,800.0
764,Thailand,2013,22836.2654,17344.2654,22036.2654,800.0
764,Thailand,2014,22842.0,17031.5,22042.0,800.0
764,Thailand,2015,22846.0,16913.8,22046.0,800.0
764,Thailand,2016,22842.0,16869.0,22042.0,800.0
764,Thailand,2017,22847.0,16763.7,22047.0,800.0
764,Thailand,2018,22845.6965,16736.9965,22045.6965,800.0
764,Thailand,2019,23000.0,16628.427,22047.527,800.0
764,Thailand,2020,23271.8997,16823.5997,22471.8997,800.0
764,Thailand,2021,23500.0,16190.4,21885.0,800.0
764,Thailand,2022,23500.0,15853.3,21576.0,800.0
764,Thailand,2023,22376.0,15835.2,21576.0,800.0
826,United Kingdom of Great Britain and Northern Ireland,2000,16964.0,5876.0,5928.0,11036.0
826,United Kingdom of Great Britain and Northern Ireland,2001,16953.0,5651.0,5702.0,11251.0
826,United Kingdom of Great Britain and Northern Ireland,2002,16976.0,5786.0,5836.0,11140.0
826,United Kingdom of Great Britain and Northern Ireland,2003,16956.0,5659.0,5708.0,11248.0
826,United Kingdom of Great Britain and Northern Ireland,2004,17051.0,5819.0,5868.0,11183.0
826,United Kingdom of Great Britain and Northern Ireland,2005,16956.0,5729.0,5776.0,11180.0
826,United Kingdom of Great Britain and Northern Ireland,2006,17838.0,6094.0,6139.0,11699.0
826,United Kingdom of Great Britain and Northern Ireland,2007,17647.0,6085.0,6131.0,11516.0
826,United Kingdom of Great Britain and Northern Ireland,2008,17684.0,6005.0,6051.0,11633.0
826,United Kingdom of Great Britain and Northern Ireland,2009,17325.0,6049.0,6092.0,11233.0
826,United Kingdom of Great Britain and Northern Ireland,2010,17224.0,5970.0,6016.0,11208.0
826,United Kingdom of Great Britain and Northern Ireland,2011,17164.0,6062.0,6107.0,11057.0
826,United Kingdom of Great Britain and Northern Ireland,2012,17182.0,6212.0,6258.0,10924.0
826,United Kingdom of Great Britain and Northern Ireland,2013,17250.2,6265.4,6310.3,10939.9
826,United Kingdom of Great Britain and Northern Ireland,2014,17232.0,6233.5,6278.3,10953.7
826,United Kingdom of Great Britain and Northern Ireland,2015,17138.0,6011.0,6060.0,11078.0
826,United Kingdom of Great Britain and Northern Ireland,2016,17349.9818,6026.0105,6072.6528,11277.329
826,United Kingdom of Great Britain and Northern Ireland,2017,17466.1525,6082.8794,6130.5864,11335.5662
826,United Kingdom of Great Britain and Northern Ireland,2018,17350.8616,6037.7874,6083.953,11266.9086
826,United Kingdom of Great Britain and Northern Ireland,2019,17521.2961,6085.5984,6131.5423,11389.7538
826,United Kingdom of Great Britain and Northern Ireland,2020,17259.2981,5978.5022,6023.5961,11235.702
826,United Kingdom of Great Britain and Northern Ireland,2021,17215.141,6009.8042,6055.8189,11159.322
826,United Kingdom of Great Britain and Northern Ireland,2022,17414.5186,6041.11,6084.2708,11330.2478
826,United Kingdom of Great Britain and Northern Ireland,2023,17009.4506,6043.6916,6086.1833,10923.2673
840,United States of America,2000,414399.0,175477.2,178068.0,236331.0
840,United States of America,2001,414944.0,175462.8,178100.0,236844.0
840,United States of America,2002,413064.0,172977.0,175707.0,237357.0
840,United States of America,2003,413022.72,170725.875,173461.6,239561.12
840,United States of America,2004,412981.44,168513.512,171216.2,241765.24
840,United States of America,2005,412940.16,166277.199,168970.8,243969.36
840,United States of America,2006,412898.88,164118.22,166725.4,246173.48
840,United States of America,2007,412857.6,161788.654,164480.0,248377.6
840,United States of America,2008,414880.8236,160428.3471,163125.5421,251755.2815
840,United States of America,2009,416904.0472,159037.5112,161771.0842,255132.963
840,United States of America,2010,418927.2707,157663.8043,160416.6263,258510.6444
840,United States of America,2011,420950.4943,156296.6914,159062.1684,261888.3259
840,United States of America,2012,422973.7179,154903.7215,157707.7105,265266.0074
840,United States of America,2013,423827.5828,155417.6714,158253.5284,265574.0544
840,United States of America,2014,424681.4477,155960.3423,158799.3463,265882.1014
840,United States of America,2015,425535.3125,156453.4642,159345.1642,266190.1483
840,United States of America,2016,426389.1774,156915.0181,159890.9821,266498.1953
840,United States of America,2017,427243.0423,157427.836,160436.8,266806.2423
840,United States of America,2018,426102.5073,156304.948,159296.265,266806.2423
840,United States of America,2019,424961.9723,155092.83,158155.73,266806.2423
840,United States of America,2020,423821.4373,153903.595,157015.195,266806.2423
840,United States of America,2021,422680.9024,152711.56,155874.66,266806.2423
840,United States of America,2022,421540.3674,151554.2251,154734.1251,266806.2423
840,United States of America,2023,421540.3674,151563.5251,154734.1251,266806.2423
858,Uruguay,2000,14958.0,1373.0,1415.0,13543.0
858,Uruguay,2001,14962.0,1377.0,1419.0,13543.0
858,Uruguay,2002,14923.0,1381.0,1423.0,13500.0
858,Uruguay,2003,14927.0,1385.0,1427.0,13500.0
858,Uruguay,2004,14829.0,1389.0,1429.0,13400.0
858,Uruguay,2005,14832.0,1392.0,1432.0,13400.0
858,Uruguay,2006,14695.0,1396.0,1427.0,13268.0
858,Uruguay,2007,14550.0,1476.0,1509.0,13041.0
858,Uruguay,2008,14674.0,1826.0,1859.0,12815.0
858,Uruguay,2009,14814.0,2195.0,2226.0,12588.0
858,Uruguay,2010,14433.0,2033.0,2071.0,12362.0
858,Uruguay,2011,14526.0,2352.0,2391.0,12135.0
858,Uruguay,2012,14237.0,2160.0,2199.0,12038.0
858,Uruguay,2013,14346.7,2307.7,2346.7,12000.0
858,Uruguay,2014,14475.1,2436.1,2475.1,12000.0
858,Uruguay,2015,14467.6,2428.6,2467.6,12000.0
858,Uruguay,2016,14265.3,2226.3,2265.3,12000.0
858,Uruguay,2017,14222.9,2183.9,2222.9,12000.0
858,Uruguay,2018,14190.8,2151.8,2190.8,12000.0
858,Uruguay,2019,14127.3,2088.3,2127.3,12000.0
858,Uruguay,2020,14063.4,2024.4,2063.4,12000.0
858,Uruguay,2021,14070.0,2031.0,2070.0,12000.0
858,Uruguay,2022,14154.485,2115.49,2154.485,12000.0
858,Uruguay,2023,14238.6,2199.6,2238.6,12000.0
